Neurone,Condition,Fold,Centre_ms,AP,Baseline,Gain
"(11, 2)",HPC,1,-400.0,0.6882564363484198,0.6769230961799622,0.011333340168457662
"(11, 2)",HPC,1,-300.0,0.685531627544359,0.6769230961799622,0.008608531364396876
"(11, 2)",HPC,1,-200.0,0.7072738581836218,0.6769230961799622,0.030350762003659604
"(11, 2)",HPC,1,-100.0,0.6906999905608777,0.6769230961799622,0.01377689438091556
"(11, 2)",HPC,1,0.0,0.6866043876039463,0.6769230961799622,0.009681291423984106
"(11, 2)",HPC,1,100.0,0.5893608501023964,0.6769230961799622,-0.0875622460775658
"(11, 2)",HPC,1,200.0,0.6619040483573806,0.6769230961799622,-0.015019047822581566
"(11, 2)",HPC,1,300.0,0.7023004028449511,0.6769230961799622,0.02537730666498894
"(11, 2)",HPC,1,400.0,0.6902240633311971,0.6769230961799622,0.013300967151234966
"(11, 2)",HPC_NR,1,-400.0,0.6653115788348201,0.6769230961799622,-0.011611517345142097
"(11, 2)",HPC_NR,1,-300.0,0.7594351631995948,0.6769230961799622,0.08251206701963265
"(11, 2)",HPC_NR,1,-200.0,0.6739963733949961,0.6769230961799622,-0.002926722784966085
"(11, 2)",HPC_NR,1,-100.0,0.6641218155321602,0.6769230961799622,-0.01280128064780195
"(11, 2)",HPC_NR,1,0.0,0.7080973027780941,0.6769230961799622,0.03117420659813197
"(11, 2)",HPC_NR,1,100.0,0.6002552898975224,0.6769230961799622,-0.07666780628243974
"(11, 2)",HPC_NR,1,200.0,0.703620425411519,0.6769230961799622,0.026697329231556877
"(11, 2)",HPC_NR,1,300.0,0.7007010027313524,0.6769230961799622,0.023777906551390227
"(11, 2)",HPC_NR,1,400.0,0.6790675788789015,0.6769230961799622,0.0021444826989392984
"(11, 2)",HPC,3,-400.0,0.4519777408404916,0.5230769515037537,-0.07109921066326208
"(11, 2)",HPC,3,-300.0,0.46877721580075127,0.5230769515037537,-0.054299735703002394
"(11, 2)",HPC,3,-200.0,0.5172517846993065,0.5230769515037537,-0.005825166804447113
"(11, 2)",HPC,3,-100.0,0.5089970414045493,0.5230769515037537,-0.014079910099204396
"(11, 2)",HPC,3,0.0,0.494549237192693,0.5230769515037537,-0.02852771431106066
"(11, 2)",HPC,3,100.0,0.5863946728044923,0.5230769515037537,0.06331772130073865
"(11, 2)",HPC,3,200.0,0.6522566410454761,0.5230769515037537,0.12917968954172243
"(11, 2)",HPC,3,300.0,0.544504948616508,0.5230769515037537,0.021427997112754338
"(11, 2)",HPC,3,400.0,0.590175078239213,0.5230769515037537,0.06709812673545934
"(11, 2)",HPC_NR,3,-400.0,0.5094290898858111,0.5230769515037537,-0.013647861617942514
"(11, 2)",HPC_NR,3,-300.0,0.435710685910226,0.5230769515037537,-0.08736626559352767
"(11, 2)",HPC_NR,3,-200.0,0.5213342194185909,0.5230769515037537,-0.0017427320851627348
"(11, 2)",HPC_NR,3,-100.0,0.55007330057242,0.5230769515037537,0.026996349068666325
"(11, 2)",HPC_NR,3,0.0,0.5272465780441118,0.5230769515037537,0.004169626540358129
"(11, 2)",HPC_NR,3,100.0,0.5273257210198725,0.5230769515037537,0.0042487695161188554
"(11, 2)",HPC_NR,3,200.0,0.6634342380778359,0.5230769515037537,0.1403572865740822
"(11, 2)",HPC_NR,3,300.0,0.5297627499232026,0.5230769515037537,0.006685798419448941
"(11, 2)",HPC_NR,3,400.0,0.5316646614070435,0.5230769515037537,0.00858770990328983
"(11, 2)",HPC,4,-400.0,0.3195470752455419,0.35384616255760193,-0.03429908731206005
"(11, 2)",HPC,4,-300.0,0.34079835479549847,0.35384616255760193,-0.013047807762103458
"(11, 2)",HPC,4,-200.0,0.3365734365253363,0.35384616255760193,-0.01727272603226565
"(11, 2)",HPC,4,-100.0,0.31287539252015284,0.35384616255760193,-0.04097077003744909
"(11, 2)",HPC,4,0.0,0.32648488648559715,0.35384616255760193,-0.02736127607200478
"(11, 2)",HPC,4,100.0,0.5039388367500951,0.35384616255760193,0.15009267419249317
"(11, 2)",HPC,4,200.0,0.43105008191358263,0.35384616255760193,0.0772039193559807
"(11, 2)",HPC,4,300.0,0.46972353129912703,0.35384616255760193,0.1158773687415251
"(11, 2)",HPC,4,400.0,0.6162397741964591,0.35384616255760193,0.2623936116388572
"(11, 2)",HPC_NR,4,-400.0,0.47998677865429384,0.35384616255760193,0.12614061609669192
"(11, 2)",HPC_NR,4,-300.0,0.34627750781406186,0.35384616255760193,-0.007568654743540071
"(11, 2)",HPC_NR,4,-200.0,0.35364695852017325,0.35384616255760193,-0.00019920403742867965
"(11, 2)",HPC_NR,4,-100.0,0.3751529827482959,0.35384616255760193,0.021306820190693965
"(11, 2)",HPC_NR,4,0.0,0.33168008813712846,0.35384616255760193,-0.02216607442047347
"(11, 2)",HPC_NR,4,100.0,0.5165393604536924,0.35384616255760193,0.1626931978960905
"(11, 2)",HPC_NR,4,200.0,0.4338341209682529,0.35384616255760193,0.07998795841065098
"(11, 2)",HPC_NR,4,300.0,0.4262090729985353,0.35384616255760193,0.07236291044093335
"(11, 2)",HPC_NR,4,400.0,0.5294577974803004,0.35384616255760193,0.1756116349226985
"(11, 2)",HPC,5,-400.0,0.5315617250230378,0.29230770468711853,0.23925402033591925
"(11, 2)",HPC,5,-300.0,0.34667359805394393,0.29230770468711853,0.0543658933668254
"(11, 2)",HPC,5,-200.0,0.30320551316347055,0.29230770468711853,0.010897808476352022
"(11, 2)",HPC,5,-100.0,0.4096754542941822,0.29230770468711853,0.11736774960706364
"(11, 2)",HPC,5,0.0,0.4046927721571884,0.29230770468711853,0.11238506747006988
"(11, 2)",HPC,5,100.0,0.35994407403583556,0.29230770468711853,0.06763636934871703
"(11, 2)",HPC,5,200.0,0.33465378744907,0.29230770468711853,0.042346082761951453
"(11, 2)",HPC,5,300.0,0.33308504541845996,0.29230770468711853,0.04077734073134143
"(11, 2)",HPC,5,400.0,0.3549254145130193,0.29230770468711853,0.06261770982590076
"(11, 2)",HPC_NR,5,-400.0,0.387569169363614,0.29230770468711853,0.09526146467649549
"(11, 2)",HPC_NR,5,-300.0,0.3481520712460206,0.29230770468711853,0.05584436655890207
"(11, 2)",HPC_NR,5,-200.0,0.27797693070638285,0.29230770468711853,-0.014330773980735678
"(11, 2)",HPC_NR,5,-100.0,0.36300190537905197,0.29230770468711853,0.07069420069193344
"(11, 2)",HPC_NR,5,0.0,0.3811412170378182,0.29230770468711853,0.0888335123506997
"(11, 2)",HPC_NR,5,100.0,0.303246882905586,0.29230770468711853,0.01093917821846746
"(11, 2)",HPC_NR,5,200.0,0.3662150221997997,0.29230770468711853,0.07390731751268115
"(11, 2)",HPC_NR,5,300.0,0.3325064771306941,0.29230770468711853,0.04019877244357556
"(11, 2)",HPC_NR,5,400.0,0.28756272153235035,0.29230770468711853,-0.004744983154768179
"(11, 33)",HPC,1,-400.0,0.9369750619750621,0.6666666865348816,0.2703083754401805
"(11, 33)",HPC,1,-300.0,0.8647909960409961,0.6666666865348816,0.19812430950611448
"(11, 33)",HPC,1,-200.0,0.8400326797385622,0.6666666865348816,0.17336599320368062
"(11, 33)",HPC,1,-100.0,0.7501687582569936,0.6666666865348816,0.08350207172211199
"(11, 33)",HPC,1,0.0,0.7730683940242764,0.6666666865348816,0.10640170748939481
"(11, 33)",HPC,1,100.0,0.7610554070112894,0.6666666865348816,0.09438872047640778
"(11, 33)",HPC,1,200.0,0.6337375859434683,0.6666666865348816,-0.032929100591413296
"(11, 33)",HPC,1,300.0,0.5373134082692906,0.6666666865348816,-0.12935327826559095
"(11, 33)",HPC,1,400.0,0.6839678839678839,0.6666666865348816,0.01730119743300229
"(11, 33)",HPC_NR,1,-400.0,0.7409458869017692,0.6666666865348816,0.07427920036688762
"(11, 33)",HPC_NR,1,-300.0,0.732578995078995,0.6666666865348816,0.06591230854411345
"(11, 33)",HPC_NR,1,-200.0,0.760622506578389,0.6666666865348816,0.09395582004350744
"(11, 33)",HPC_NR,1,-100.0,0.6856994312876666,0.6666666865348816,0.019032744752785047
"(11, 33)",HPC_NR,1,0.0,0.7035788557847382,0.6666666865348816,0.03691216924985663
"(11, 33)",HPC_NR,1,100.0,0.7636437908496733,0.6666666865348816,0.09697710431479167
"(11, 33)",HPC_NR,1,200.0,0.6240738700297525,0.6666666865348816,-0.04259281650512914
"(11, 33)",HPC_NR,1,300.0,0.7064674364306718,0.6666666865348816,0.03980074989579019
"(11, 33)",HPC_NR,1,400.0,0.6315444087502912,0.6666666865348816,-0.03512227778459043
"(11, 33)",HPC,2,-400.0,0.7231470549652368,0.6111111044883728,0.11203595047686399
"(11, 33)",HPC,2,-300.0,0.7479888798070616,0.6111111044883728,0.13687777531868883
"(11, 33)",HPC,2,-200.0,0.7926669290305655,0.6111111044883728,0.18155582454219266
"(11, 33)",HPC,2,-100.0,0.9653679653679654,0.6111111044883728,0.3542568608795926
"(11, 33)",HPC,2,0.0,0.8188786258304976,0.6111111044883728,0.20776752134212484
"(11, 33)",HPC,2,100.0,0.6653071972590688,0.6111111044883728,0.054196092770696036
"(11, 33)",HPC,2,200.0,0.6709364165246519,0.6111111044883728,0.059825312036279055
"(11, 33)",HPC,2,300.0,0.7536188558915832,0.6111111044883728,0.14250775140321037
"(11, 33)",HPC,2,400.0,0.6812382062382063,0.6111111044883728,0.0701271017498335
"(11, 33)",HPC_NR,2,-400.0,0.7112377818260172,0.6111111044883728,0.10012667733764435
"(11, 33)",HPC_NR,2,-300.0,0.7715825840825842,0.6111111044883728,0.16047147959421137
"(11, 33)",HPC_NR,2,-200.0,0.8385215794306704,0.6111111044883728,0.2274104749422976
"(11, 33)",HPC_NR,2,-100.0,0.8927062836153745,0.6111111044883728,0.2815951791270017
"(11, 33)",HPC_NR,2,0.0,0.8218382924265278,0.6111111044883728,0.21072718793815504
"(11, 33)",HPC_NR,2,100.0,0.8536337399973764,0.6111111044883728,0.24252263550900355
"(11, 33)",HPC_NR,2,200.0,0.6111946134673408,0.6111111044883728,8.350897896802767e-05
"(11, 33)",HPC_NR,2,300.0,0.6121700195229607,0.6111111044883728,0.0010589150345878817
"(11, 33)",HPC_NR,2,400.0,0.4936771487573627,0.6111111044883728,-0.11743395573101012
"(11, 33)",HPC,3,-400.0,0.3608225108225108,0.2777777910232544,0.08304471979925643
"(11, 33)",HPC,3,-300.0,0.6858119658119658,0.2777777910232544,0.4080341747887114
"(11, 33)",HPC,3,-200.0,0.4,0.2777777910232544,0.12222220897674563
"(11, 33)",HPC,3,-100.0,0.3198552754435108,0.2777777910232544,0.042077484420256384
"(11, 33)",HPC,3,0.0,0.4375,0.2777777910232544,0.1597222089767456
"(11, 33)",HPC,3,100.0,0.4315508021390374,0.2777777910232544,0.153773011115783
"(11, 33)",HPC,3,200.0,0.5803174603174603,0.2777777910232544,0.30253966929420595
"(11, 33)",HPC,3,300.0,0.4816806722689076,0.2777777910232544,0.2039028812456532
"(11, 33)",HPC,3,400.0,0.5401143790849674,0.2777777910232544,0.262336588061713
"(11, 33)",HPC_NR,3,-400.0,0.34153846153846157,0.2777777910232544,0.06376067051520717
"(11, 33)",HPC_NR,3,-300.0,0.7380952380952379,0.2777777910232544,0.4603174470719835
"(11, 33)",HPC_NR,3,-200.0,0.4654761904761905,0.2777777910232544,0.1876983994529361
"(11, 33)",HPC_NR,3,-100.0,0.562120232708468,0.2777777910232544,0.2843424416852136
"(11, 33)",HPC_NR,3,0.0,0.5827505827505828,0.2777777910232544,0.3049727917273284
"(11, 33)",HPC_NR,3,100.0,0.5504273504273505,0.2777777910232544,0.2726495594040961
"(11, 33)",HPC_NR,3,200.0,0.30591108238167064,0.2777777910232544,0.028133291358416246
"(11, 33)",HPC_NR,3,300.0,0.3670940170940171,0.2777777910232544,0.08931622607076273
"(11, 33)",HPC_NR,3,400.0,0.41326797385620917,0.2777777910232544,0.13549018283295478
"(11, 33)",HPC,4,-400.0,0.14949494949494951,0.1666666716337204,-0.017171722138770884
"(11, 33)",HPC,4,-300.0,0.2754901960784314,0.1666666716337204,0.108823524444711
"(11, 33)",HPC,4,-200.0,0.19771241830065361,0.1666666716337204,0.031045746666933216
"(11, 33)",HPC,4,-100.0,0.22692307692307695,0.1666666716337204,0.06025640528935655
"(11, 33)",HPC,4,0.0,0.1606060606060606,0.1666666716337204,-0.006060611027659785
"(11, 33)",HPC,4,100.0,0.21766381766381768,0.1666666716337204,0.05099714603009728
"(11, 33)",HPC,4,200.0,0.20555555555555557,0.1666666716337204,0.03888888392183518
"(11, 33)",HPC,4,300.0,0.23660130718954248,0.1666666716337204,0.06993463555582208
"(11, 33)",HPC,4,400.0,0.2785714285714286,0.1666666716337204,0.11190475693770818
"(11, 33)",HPC_NR,4,-400.0,0.12041226747109099,0.1666666716337204,-0.04625440416262941
"(11, 33)",HPC_NR,4,-300.0,0.13977591036414566,0.1666666716337204,-0.026890761269574737
"(11, 33)",HPC_NR,4,-200.0,0.13650793650793652,0.1666666716337204,-0.030158735125783875
"(11, 33)",HPC_NR,4,-100.0,0.17677224736048266,0.1666666716337204,0.010105575726762267
"(11, 33)",HPC_NR,4,0.0,0.15643939393939393,0.1666666716337204,-0.010227277694326464
"(11, 33)",HPC_NR,4,100.0,0.1986161986161986,0.1666666716337204,0.031949526982478216
"(11, 33)",HPC_NR,4,200.0,0.14572649572649574,0.1666666716337204,-0.020940175907224662
"(11, 33)",HPC_NR,4,300.0,0.3333333333333333,0.1666666716337204,0.16666666169961292
"(11, 33)",HPC_NR,4,400.0,0.2611111111111111,0.1666666716337204,0.09444443947739073
"(11, 43)",HPC,1,-400.0,0.4777777777777778,0.6000000238418579,-0.12222224606408011
"(11, 43)",HPC,1,-300.0,1.0,0.6000000238418579,0.3999999761581421
"(11, 43)",HPC,1,-200.0,1.0,0.6000000238418579,0.3999999761581421
"(11, 43)",HPC,1,-100.0,0.7,0.6000000238418579,0.09999997615814205
"(11, 43)",HPC,1,0.0,1.0,0.6000000238418579,0.3999999761581421
"(11, 43)",HPC,1,100.0,0.8055555555555556,0.6000000238418579,0.20555553171369767
"(11, 43)",HPC,1,200.0,0.5333333333333333,0.6000000238418579,-0.06666669050852458
"(11, 43)",HPC,1,300.0,0.8666666666666667,0.6000000238418579,0.2666666428248088
"(11, 43)",HPC,1,400.0,0.7555555555555555,0.6000000238418579,0.15555553171369763
"(11, 43)",HPC_NR,1,-400.0,0.7,0.6000000238418579,0.09999997615814205
"(11, 43)",HPC_NR,1,-300.0,1.0,0.6000000238418579,0.3999999761581421
"(11, 43)",HPC_NR,1,-200.0,0.9166666666666665,0.6000000238418579,0.3166666428248086
"(11, 43)",HPC_NR,1,-100.0,0.8055555555555556,0.6000000238418579,0.20555553171369767
"(11, 43)",HPC_NR,1,0.0,1.0,0.6000000238418579,0.3999999761581421
"(11, 43)",HPC_NR,1,100.0,0.8055555555555556,0.6000000238418579,0.20555553171369767
"(11, 43)",HPC_NR,1,200.0,0.8666666666666667,0.6000000238418579,0.2666666428248088
"(11, 43)",HPC_NR,1,300.0,0.5333333333333333,0.6000000238418579,-0.06666669050852458
"(11, 43)",HPC_NR,1,400.0,0.8666666666666667,0.6000000238418579,0.2666666428248088
"(11, 43)",HPC,2,-400.0,0.4777777777777778,0.6000000238418579,-0.12222224606408011
"(11, 43)",HPC,2,-300.0,0.6388888888888888,0.6000000238418579,0.03888886504703093
"(11, 43)",HPC,2,-200.0,0.5333333333333333,0.6000000238418579,-0.06666669050852458
"(11, 43)",HPC,2,-100.0,0.7,0.6000000238418579,0.09999997615814205
"(11, 43)",HPC,2,0.0,0.8666666666666667,0.6000000238418579,0.2666666428248088
"(11, 43)",HPC,2,100.0,0.7555555555555555,0.6000000238418579,0.15555553171369763
"(11, 43)",HPC,2,200.0,0.7555555555555555,0.6000000238418579,0.15555553171369763
"(11, 43)",HPC,2,300.0,0.5888888888888889,0.6000000238418579,-0.011111134952969004
"(11, 43)",HPC,2,400.0,0.6388888888888888,0.6000000238418579,0.03888886504703093
"(11, 43)",HPC_NR,2,-400.0,0.6388888888888888,0.6000000238418579,0.03888886504703093
"(11, 43)",HPC_NR,2,-300.0,0.6388888888888888,0.6000000238418579,0.03888886504703093
"(11, 43)",HPC_NR,2,-200.0,0.5333333333333333,0.6000000238418579,-0.06666669050852458
"(11, 43)",HPC_NR,2,-100.0,0.9166666666666665,0.6000000238418579,0.3166666428248086
"(11, 43)",HPC_NR,2,0.0,0.8666666666666667,0.6000000238418579,0.2666666428248088
"(11, 43)",HPC_NR,2,100.0,0.8666666666666667,0.6000000238418579,0.2666666428248088
"(11, 43)",HPC_NR,2,200.0,0.8055555555555556,0.6000000238418579,0.20555553171369767
"(11, 43)",HPC_NR,2,300.0,0.5888888888888889,0.6000000238418579,-0.011111134952969004
"(11, 43)",HPC_NR,2,400.0,0.7,0.6000000238418579,0.09999997615814205
"(11, 43)",HPC,3,-400.0,0.7555555555555555,0.6000000238418579,0.15555553171369763
"(11, 43)",HPC,3,-300.0,0.5888888888888889,0.6000000238418579,-0.011111134952969004
"(11, 43)",HPC,3,-200.0,1.0,0.6000000238418579,0.3999999761581421
"(11, 43)",HPC,3,-100.0,0.9166666666666665,0.6000000238418579,0.3166666428248086
"(11, 43)",HPC,3,0.0,1.0,0.6000000238418579,0.3999999761581421
"(11, 43)",HPC,3,100.0,1.0,0.6000000238418579,0.3999999761581421
"(11, 43)",HPC,3,200.0,1.0,0.6000000238418579,0.3999999761581421
"(11, 43)",HPC,3,300.0,1.0,0.6000000238418579,0.3999999761581421
"(11, 43)",HPC,3,400.0,1.0,0.6000000238418579,0.3999999761581421
"(11, 43)",HPC_NR,3,-400.0,0.6388888888888888,0.6000000238418579,0.03888886504703093
"(11, 43)",HPC_NR,3,-300.0,0.8055555555555556,0.6000000238418579,0.20555553171369767
"(11, 43)",HPC_NR,3,-200.0,0.8055555555555556,0.6000000238418579,0.20555553171369767
"(11, 43)",HPC_NR,3,-100.0,0.8666666666666667,0.6000000238418579,0.2666666428248088
"(11, 43)",HPC_NR,3,0.0,1.0,0.6000000238418579,0.3999999761581421
"(11, 43)",HPC_NR,3,100.0,1.0,0.6000000238418579,0.3999999761581421
"(11, 43)",HPC_NR,3,200.0,0.5333333333333333,0.6000000238418579,-0.06666669050852458
"(11, 43)",HPC_NR,3,300.0,0.8666666666666667,0.6000000238418579,0.2666666428248088
"(11, 43)",HPC_NR,3,400.0,1.0,0.6000000238418579,0.3999999761581421
"(11, 43)",HPC,5,-400.0,0.5,0.4000000059604645,0.09999999403953552
"(11, 43)",HPC,5,-300.0,0.45,0.4000000059604645,0.049999994039535534
"(11, 43)",HPC,5,-200.0,0.45,0.4000000059604645,0.049999994039535534
"(11, 43)",HPC,5,-100.0,0.5,0.4000000059604645,0.09999999403953552
"(11, 43)",HPC,5,0.0,0.5833333333333333,0.4000000059604645,0.18333332737286878
"(11, 43)",HPC,5,100.0,0.45,0.4000000059604645,0.049999994039535534
"(11, 43)",HPC,5,200.0,0.45,0.4000000059604645,0.049999994039535534
"(11, 43)",HPC,5,300.0,0.45,0.4000000059604645,0.049999994039535534
"(11, 43)",HPC,5,400.0,0.75,0.4000000059604645,0.3499999940395355
"(11, 43)",HPC_NR,5,-400.0,0.45,0.4000000059604645,0.049999994039535534
"(11, 43)",HPC_NR,5,-300.0,0.5,0.4000000059604645,0.09999999403953552
"(11, 43)",HPC_NR,5,-200.0,0.5,0.4000000059604645,0.09999999403953552
"(11, 43)",HPC_NR,5,-100.0,0.8333333333333333,0.4000000059604645,0.4333333273728688
"(11, 43)",HPC_NR,5,0.0,0.5833333333333333,0.4000000059604645,0.18333332737286878
"(11, 43)",HPC_NR,5,100.0,0.7,0.4000000059604645,0.2999999940395355
"(11, 43)",HPC_NR,5,200.0,0.75,0.4000000059604645,0.3499999940395355
"(11, 43)",HPC_NR,5,300.0,0.45,0.4000000059604645,0.049999994039535534
"(11, 43)",HPC_NR,5,400.0,0.7,0.4000000059604645,0.2999999940395355
commun,HPC,1,-400.0,0.6419526021421654,0.6666666865348816,-0.024714084392716162
commun,HPC,1,-300.0,0.6642437284096621,0.6666666865348816,-0.002422958125219532
commun,HPC,1,-200.0,0.7053702044601636,0.6666666865348816,0.03870351792528204
commun,HPC,1,-100.0,0.6645474153566402,0.6666666865348816,-0.0021192711782413998
commun,HPC,1,0.0,0.620021706042302,0.6666666865348816,-0.04664498049257959
commun,HPC,1,100.0,0.5762013124089529,0.6666666865348816,-0.0904653741259287
commun,HPC,1,200.0,0.6466918707125964,0.6666666865348816,-0.01997481582228522
commun,HPC,1,300.0,0.6885006412184045,0.6666666865348816,0.021833954683522894
commun,HPC,1,400.0,0.6861732458579772,0.6666666865348816,0.01950655932309564
commun,HPC_NR,1,-400.0,0.6883013088404978,0.6666666865348816,0.02163462230561619
commun,HPC_NR,1,-300.0,0.7262250459707617,0.6666666865348816,0.05955835943588006
commun,HPC_NR,1,-200.0,0.6777569611857861,0.6666666865348816,0.011090274650904508
commun,HPC_NR,1,-100.0,0.6877989657626867,0.6666666865348816,0.02113227922780514
commun,HPC_NR,1,0.0,0.6820971626103705,0.6666666865348816,0.015430476075488864
commun,HPC_NR,1,100.0,0.581156442367463,0.6666666865348816,-0.08551024416741859
commun,HPC_NR,1,200.0,0.6823326967644248,0.6666666865348816,0.01566601022954317
commun,HPC_NR,1,300.0,0.6232222417969017,0.6666666865348816,-0.043444444737979926
commun,HPC_NR,1,400.0,0.6477115801208948,0.6666666865348816,-0.01895510641398679
commun,HPC,2,-400.0,0.5185083099772008,0.5632184147834778,-0.04471010480627702
commun,HPC,2,-300.0,0.5725317937516463,0.5632184147834778,0.009313378968168529
commun,HPC,2,-200.0,0.5619057006977098,0.5632184147834778,-0.001312714085767941
commun,HPC,2,-100.0,0.518770499228121,0.5632184147834778,-0.044447915555356765
commun,HPC,2,0.0,0.6104512841651364,0.5632184147834778,0.047232869381658604
commun,HPC,2,100.0,0.5487840228925713,0.5632184147834778,-0.01443439189090645
commun,HPC,2,200.0,0.5250939309452126,0.5632184147834778,-0.038124483838265166
commun,HPC,2,300.0,0.6292033838773677,0.5632184147834778,0.06598496909388996
commun,HPC,2,400.0,0.5825363806093137,0.5632184147834778,0.019317965825835892
commun,HPC_NR,2,-400.0,0.5239471324631351,0.5632184147834778,-0.039271282320342715
commun,HPC_NR,2,-300.0,0.574372952098693,0.5632184147834778,0.011154537315215207
commun,HPC_NR,2,-200.0,0.49997771801057855,0.5632184147834778,-0.06324069677289923
commun,HPC_NR,2,-100.0,0.5169575745301705,0.5632184147834778,-0.046260840253307234
commun,HPC_NR,2,0.0,0.5893012096559622,0.5632184147834778,0.02608279487248444
commun,HPC_NR,2,100.0,0.4907068459206657,0.5632184147834778,-0.07251156886281207
commun,HPC_NR,2,200.0,0.5435006077227933,0.5632184147834778,-0.01971780706068449
commun,HPC_NR,2,300.0,0.6370604977576093,0.5632184147834778,0.07384208297413153
commun,HPC_NR,2,400.0,0.5576895944119444,0.5632184147834778,-0.0055288203715333495
commun,HPC,3,-400.0,0.45381181407332755,0.4712643623352051,-0.017452548261877532
commun,HPC,3,-300.0,0.4565482376722712,0.4712643623352051,-0.014716124662933872
commun,HPC,3,-200.0,0.48089336235932195,0.4712643623352051,0.009629000024116874
commun,HPC,3,-100.0,0.4948677306968594,0.4712643623352051,0.02360336836165433
commun,HPC,3,0.0,0.4604548062112772,0.4712643623352051,-0.010809556123927866
commun,HPC,3,100.0,0.4723045279219762,0.4712643623352051,0.0010401655867711135
commun,HPC,3,200.0,0.5071470557103315,0.4712643623352051,0.035882693375126395
commun,HPC,3,300.0,0.5338209859621883,0.4712643623352051,0.06255662362698322
commun,HPC,3,400.0,0.6262436048215625,0.4712643623352051,0.15497924248635742
commun,HPC_NR,3,-400.0,0.46708601144962464,0.4712643623352051,-0.00417835088558044
commun,HPC_NR,3,-300.0,0.4376206494749008,0.4712643623352051,-0.033643712860304265
commun,HPC_NR,3,-200.0,0.4818288074519561,0.4712643623352051,0.010564445116751031
commun,HPC_NR,3,-100.0,0.4825415857986017,0.4712643623352051,0.011277223463396602
commun,HPC_NR,3,0.0,0.418073172008661,0.4712643623352051,-0.05319119032654407
commun,HPC_NR,3,100.0,0.44142794694376486,0.4712643623352051,-0.02983641539144022
commun,HPC_NR,3,200.0,0.5414666075756501,0.4712643623352051,0.07020224524044505
commun,HPC_NR,3,300.0,0.5599161104718398,0.4712643623352051,0.08865174813663468
commun,HPC_NR,3,400.0,0.5458082898791372,0.4712643623352051,0.07454392754393213
commun,HPC,4,-400.0,0.31634412050359334,0.3218390941619873,-0.0054949736583939646
commun,HPC,4,-300.0,0.3454400877629868,0.3218390941619873,0.023600993600999487
commun,HPC,4,-200.0,0.3184558752750747,0.3218390941619873,-0.00338321888691262
commun,HPC,4,-100.0,0.37313576192807096,0.3218390941619873,0.05129666776608366
commun,HPC,4,0.0,0.3531827623792809,0.3218390941619873,0.03134366821729362
commun,HPC,4,100.0,0.48425510350265777,0.3218390941619873,0.16241600934067046
commun,HPC,4,200.0,0.43122441100271464,0.3218390941619873,0.10938531684072733
commun,HPC,4,300.0,0.443068817100695,0.3218390941619873,0.1212297229387077
commun,HPC,4,400.0,0.3508043685835179,0.3218390941619873,0.028965274421530574
commun,HPC_NR,4,-400.0,0.4289381336433834,0.3218390941619873,0.1070990394813961
commun,HPC_NR,4,-300.0,0.37667966084085863,0.3218390941619873,0.05484056667887133
commun,HPC_NR,4,-200.0,0.3494289710801203,0.3218390941619873,0.02758987691813297
commun,HPC_NR,4,-100.0,0.27685930952580085,0.3218390941619873,-0.04497978463618646
commun,HPC_NR,4,0.0,0.4028400130209005,0.3218390941619873,0.0810009188589132
commun,HPC_NR,4,100.0,0.45702209473111055,0.3218390941619873,0.13518300056912325
commun,HPC_NR,4,200.0,0.4244529702440627,0.3218390941619873,0.1026138760820754
commun,HPC_NR,4,300.0,0.3964467868153252,0.3218390941619873,0.07460769265333789
commun,HPC_NR,4,400.0,0.4044489088292369,0.3218390941619873,0.08260981466724959
commun,HPC,5,-400.0,0.3176678065478226,0.27586206793785095,0.041805738609971665
commun,HPC,5,-300.0,0.37064042738524705,0.27586206793785095,0.0947783594473961
commun,HPC,5,-200.0,0.29763499065107357,0.27586206793785095,0.02177292271322262
commun,HPC,5,-100.0,0.4047087785764854,0.27586206793785095,0.12884671063863445
commun,HPC,5,0.0,0.3210728398521426,0.27586206793785095,0.045210771914291625
commun,HPC,5,100.0,0.3276371263891027,0.27586206793785095,0.05177505845125174
commun,HPC,5,200.0,0.3077367381169744,0.27586206793785095,0.03187467017912343
commun,HPC,5,300.0,0.28323595586229355,0.27586206793785095,0.0073738879244426014
commun,HPC,5,400.0,0.3031399382014356,0.27586206793785095,0.027277870263584636
commun,HPC_NR,5,-400.0,0.3503763941058116,0.27586206793785095,0.07451432616796066
commun,HPC_NR,5,-300.0,0.3651939330421111,0.27586206793785095,0.08933186510426017
commun,HPC_NR,5,-200.0,0.30220992718948797,0.27586206793785095,0.026347859251637018
commun,HPC_NR,5,-100.0,0.2603437604187102,0.27586206793785095,-0.01551830751914074
commun,HPC_NR,5,0.0,0.35829525403429324,0.27586206793785095,0.08243318609644229
commun,HPC_NR,5,100.0,0.33013407584314053,0.27586206793785095,0.054272007905289577
commun,HPC_NR,5,200.0,0.299791709679093,0.27586206793785095,0.02392964174124207
commun,HPC_NR,5,300.0,0.31702022639268557,0.27586206793785095,0.041158158454834615
commun,HPC_NR,5,400.0,0.2732115521387287,0.27586206793785095,-0.002650515799122233
